{
  "version": "7",
  "dialect": "mysql",
  "entries": [
    {
      "idx": 0,
      "version": "5",
      "when": 1767047393904,
      "tag": "0000_cool_jack_power",
      "breakpoints": true
    },
    {
      "idx": 1,
      "version": "5",
      "when": 1767047546310,
      "tag": "0001_tan_stardust",
      "breakpoints": true
    },
    {
      "idx": 2,
      "version": "5",
      "when": 1767047666530,
      "tag": "0002_spotty_the_hunter",
      "breakpoints": true
    },
    {
      "idx": 3,
      "version": "5",
      "when": 1767172859363,
      "tag": "0003_brief_firelord",
      "breakpoints": true
    }
  ]
}